wl,n,wl,k
0.5,1.337043532,0.5,1.89E-09
0.511,1.336474175,0.501,2.01E-09
0.522,1.335938261,0.502,1.88E-09
0.533,1.33543281,0.503,1.96E-09
0.544,1.334955158,0.504,1.90E-09
0.555,1.334502915,0.505,1.82E-09
0.566,1.334073936,0.506,1.91E-09
0.577,1.333666289,0.507,2.08E-09
0.588,1.333278227,0.508,2.10E-09
0.599,1.332908172,0.509,2.24E-09
0.61,1.332554692,0.51,2.32E-09
0.621,1.332216485,0.511,2.33E-09
0.632,1.331892366,0.512,2.46E-09
0.643,1.331581254,0.513,2.51E-09
0.654,1.331282161,0.514,2.41E-09
0.665,1.330994182,0.515,2.47E-09
0.676,1.330716487,0.516,2.48E-09
0.687,1.330448313,0.517,2.54E-09
0.698,1.330188958,0.518,2.53E-09
0.709,1.329937775,0.519,2.56E-09
0.72,1.329694166,0.52,2.64E-09
0.731,1.329457579,0.521,2.62E-09
0.742,1.329227501,0.522,2.69E-09
0.753,1.329003459,0.523,2.66E-09
0.764,1.328785009,0.524,2.49E-09
0.775,1.328571743,0.525,2.55E-09
0.786,1.328363278,0.526,2.65E-09
0.797,1.328159257,0.527,2.49E-09
0.808,1.327959346,0.528,2.58E-09
0.819,1.327763235,0.529,2.74E-09
0.83,1.32757063,0.53,2.70E-09
0.841,1.327381258,0.531,2.70E-09
0.852,1.327194861,0.532,2.65E-09
0.863,1.327011196,0.533,2.93E-09
0.874,1.326830037,0.534,2.70E-09
0.885,1.326651166,0.535,2.75E-09
0.896,1.326474381,0.536,2.84E-09
0.907,1.32629949,0.537,2.67E-09
0.918,1.32612631,0.538,2.74E-09
0.929,1.325954668,0.539,2.80E-09
0.94,1.3257844,0.54,2.90E-09
0.951,1.325615349,0.541,2.91E-09
0.962,1.325447368,0.542,2.87E-09
0.973,1.325280312,0.543,3.02E-09
0.984,1.325114048,0.544,3.26E-09
0.995,1.324948445,0.545,3.36E-09
1.006,1.324783377,0.546,3.20E-09
1.017,1.324618727,0.547,3.43E-09
1.028,1.324454378,0.548,3.47E-09
1.039,1.324290221,0.549,3.65E-09
1.05,1.324126148,0.55,3.79E-09
1.061,1.323962057,0.551,3.66E-09
1.072,1.323797847,0.552,3.68E-09
1.083,1.323633421,0.553,3.62E-09
1.094,1.323468687,0.554,3.67E-09
1.105,1.323303553,0.555,3.73E-09
1.116,1.32313793,0.556,3.77E-09
1.127,1.322971731,0.557,3.77E-09
1.138,1.322804872,0.558,3.93E-09
1.149,1.322637269,0.559,3.79E-09
1.16,1.322468842,0.56,3.91E-09
1.171,1.32229951,0.561,3.86E-09
1.182,1.322129196,0.562,3.94E-09
1.193,1.321957821,0.563,3.90E-09
1.204,1.32178531,0.564,3.93E-09
1.215,1.321611587,0.565,4.04E-09
1.226,1.321436578,0.566,3.86E-09
1.237,1.321260208,0.567,4.02E-09
1.248,1.321082403,0.568,4.17E-09
1.259,1.320903091,0.569,4.23E-09
1.27,1.3207222,0.57,4.27E-09
1.281,1.320539655,0.571,4.28E-09
1.292,1.320355385,0.572,4.39E-09
1.303,1.320169316,0.573,4.53E-09
1.314,1.319981377,0.574,4.66E-09
1.325,1.319791495,0.575,4.76E-09
1.336,1.319599595,0.576,4.81E-09
1.347,1.319405604,0.577,5.00E-09
1.358,1.319209448,0.578,4.97E-09
1.369,1.319011052,0.579,5.16E-09
1.38,1.31881034,0.58,5.40E-09
1.391,1.318607236,0.581,5.64E-09
1.402,1.318401664,0.582,5.88E-09
1.413,1.318193544,0.583,5.98E-09
1.424,1.317982797,0.584,6.09E-09
1.435,1.317769342,0.585,6.52E-09
1.446,1.317553099,0.586,6.62E-09
1.457,1.317333984,0.587,6.77E-09
1.468,1.317111912,0.588,7.16E-09
1.479,1.316886797,0.589,7.36E-09
1.49,1.316658551,0.59,7.70E-09
1.501,1.316427085,0.591,8.09E-09
1.512,1.316192307,0.592,8.34E-09
1.523,1.315954124,0.593,8.59E-09
1.534,1.315712441,0.594,8.84E-09
1.545,1.315467159,0.595,9.14E-09
1.556,1.315218178,0.596,9.72E-09
1.567,1.314965396,0.597,1.05E-08
1.578,1.314708708,0.598,1.08E-08
1.589,1.314448005,0.599,1.14E-08
1.6,1.314183178,0.6,1.25E-08
,,0.601,1.30E-08
,,0.602,1.32E-08
,,0.603,1.37E-08
,,0.604,1.38E-08
,,0.605,1.40E-08
,,0.606,1.44E-08
,,0.607,1.43E-08
,,0.608,1.44E-08
,,0.609,1.45E-08
,,0.61,1.46E-08
,,0.611,1.47E-08
,,0.612,1.47E-08
,,0.613,1.47E-08
,,0.614,1.49E-08
,,0.615,1.50E-08
,,0.616,1.49E-08
,,0.617,1.51E-08
,,0.618,1.51E-08
,,0.619,1.53E-08
,,0.62,1.53E-08
,,0.621,1.55E-08
,,0.622,1.55E-08
,,0.623,1.57E-08
,,0.624,1.57E-08
,,0.625,1.58E-08
,,0.626,1.59E-08
,,0.627,1.59E-08
,,0.628,1.61E-08
,,0.629,1.63E-08
,,0.63,1.63E-08
,,0.631,1.64E-08
,,0.632,1.65E-08
,,0.633,1.66E-08
,,0.634,1.68E-08
,,0.635,1.68E-08
,,0.636,1.68E-08
,,0.637,1.71E-08
,,0.638,1.72E-08
,,0.639,1.71E-08
,,0.64,1.74E-08
,,0.641,1.73E-08
,,0.642,1.76E-08
,,0.643,1.77E-08
,,0.644,1.78E-08
,,0.645,1.79E-08
,,0.646,1.78E-08
,,0.647,1.82E-08
,,0.648,1.84E-08
,,0.649,1.86E-08
,,0.65,1.87E-08
,,0.651,1.89E-08
,,0.652,1.91E-08
,,0.653,1.94E-08
,,0.654,1.97E-08
,,0.655,2.01E-08
,,0.656,2.03E-08
,,0.657,2.08E-08
,,0.658,2.12E-08
,,0.659,2.13E-08
,,0.66,2.18E-08
,,0.661,2.19E-08
,,0.662,2.20E-08
,,0.663,2.24E-08
,,0.664,2.26E-08
,,0.665,2.26E-08
,,0.666,2.26E-08
,,0.667,2.27E-08
,,0.668,2.29E-08
,,0.669,2.29E-08
,,0.67,2.30E-08
,,0.671,2.30E-08
,,0.672,2.32E-08
,,0.673,2.33E-08
,,0.674,2.32E-08
,,0.675,2.34E-08
,,0.676,2.37E-08
,,0.677,2.38E-08
,,0.678,2.41E-08
,,0.679,2.42E-08
,,0.68,2.44E-08
,,0.681,2.46E-08
,,0.682,2.49E-08
,,0.683,2.51E-08
,,0.684,2.54E-08
,,0.685,2.55E-08
,,0.686,2.57E-08
,,0.687,2.63E-08
,,0.688,2.66E-08
,,0.689,2.71E-08
,,0.69,2.76E-08
,,0.691,2.81E-08
,,0.692,2.85E-08
,,0.693,2.90E-08
,,0.694,2.96E-08
,,0.695,3.03E-08
,,0.696,3.09E-08
,,0.697,3.17E-08
,,0.698,3.24E-08
,,0.699,3.32E-08
,,0.7,3.40E-08
,,0.701,3.50E-08
,,0.702,3.59E-08
,,0.703,3.68E-08
,,0.704,3.78E-08
,,0.705,3.91E-08
,,0.706,4.02E-08
,,0.707,4.15E-08
,,0.708,4.29E-08
,,0.709,4.43E-08
,,0.71,4.60E-08
,,0.711,4.79E-08
,,0.712,4.98E-08
,,0.713,5.17E-08
,,0.714,5.39E-08
,,0.715,5.61E-08
,,0.716,5.87E-08
,,0.717,6.16E-08
,,0.718,6.46E-08
,,0.719,6.69E-08
,,0.72,6.99E-08
,,0.721,7.29E-08
,,0.722,7.64E-08
,,0.723,7.94E-08
,,0.724,8.35E-08
,,0.725,8.71E-08
,,0.726,9.13E-08
,,0.727,9.55E-08
,,0.728,1.01E-07
,,0.729,1.06E-07
,,0.73,1.12E-07
,,0.731,1.18E-07
,,0.732,1.24E-07
,,0.733,1.31E-07
,,0.734,1.37E-07
,,0.735,1.42E-07
,,0.736,1.46E-07
,,0.737,1.50E-07
,,0.738,1.53E-07
,,0.739,1.56E-07
,,0.74,1.58E-07
,,0.741,1.60E-07
,,0.742,1.61E-07
,,0.743,1.61E-07
,,0.744,1.62E-07
,,0.745,1.63E-07
,,0.746,1.63E-07
,,0.747,1.64E-07
,,0.748,1.64E-07
,,0.749,1.65E-07
,,0.75,1.65E-07
,,0.751,1.65E-07
,,0.752,1.66E-07
,,0.753,1.66E-07
,,0.754,1.66E-07
,,0.755,1.66E-07
,,0.756,1.67E-07
,,0.757,1.67E-07
,,0.758,1.67E-07
,,0.759,1.67E-07
,,0.76,1.67E-07
,,0.761,1.67E-07
,,0.762,1.67E-07
,,0.763,1.68E-07
,,0.764,1.67E-07
,,0.765,1.67E-07
,,0.766,1.67E-07
,,0.767,1.67E-07
,,0.768,1.67E-07
,,0.769,1.66E-07
,,0.77,1.66E-07
,,0.771,1.66E-07
,,0.772,1.65E-07
,,0.773,1.65E-07
,,0.774,1.64E-07
,,0.775,1.63E-07
,,0.776,1.62E-07
,,0.777,1.62E-07
,,0.778,1.61E-07
,,0.779,1.61E-07
,,0.78,1.60E-07
,,0.781,1.58E-07
,,0.782,1.57E-07
,,0.783,1.56E-07
,,0.784,1.55E-07
,,0.785,1.54E-07
,,0.786,1.53E-07
,,0.787,1.52E-07
,,0.788,1.50E-07
,,0.789,1.49E-07
,,0.79,1.48E-07
,,0.791,1.47E-07
,,0.792,1.46E-07
,,0.793,1.45E-07
,,0.794,1.43E-07
,,0.795,1.42E-07
,,0.796,1.41E-07
,,0.797,1.40E-07
,,0.798,1.39E-07
,,0.799,1.38E-07
,,0.8,1.38E-07
,,0.801,1.36E-07
,,0.802,1.36E-07
,,0.803,1.35E-07
,,0.804,1.35E-07
,,0.805,1.35E-07
,,0.806,1.34E-07
,,0.807,1.34E-07
,,0.808,1.34E-07
,,0.809,1.35E-07
,,0.81,1.35E-07
,,0.811,1.36E-07
,,0.812,1.36E-07
,,0.813,1.37E-07
,,0.814,1.38E-07
,,0.815,1.39E-07
,,0.816,1.41E-07
,,0.817,1.42E-07
,,0.818,1.44E-07
,,0.819,1.46E-07
,,0.82,1.49E-07
,,0.821,1.52E-07
,,0.822,1.54E-07
,,0.823,1.58E-07
,,0.824,1.63E-07
,,0.825,1.69E-07
,,0.826,1.76E-07
,,0.827,1.83E-07
,,0.828,1.90E-07
,,0.829,1.99E-07
,,0.83,2.07E-07
,,0.831,2.15E-07
,,0.832,2.22E-07
,,0.833,2.29E-07
,,0.834,2.36E-07
,,0.835,2.41E-07
,,0.836,2.45E-07
,,0.837,2.48E-07
,,0.838,2.51E-07
,,0.839,2.54E-07
,,0.84,2.57E-07
,,0.841,2.59E-07
,,0.842,2.61E-07
,,0.843,2.64E-07
,,0.844,2.66E-07
,,0.845,2.68E-07
,,0.846,2.71E-07
,,0.847,2.73E-07
,,0.848,2.75E-07
,,0.849,2.78E-07
,,0.85,2.80E-07
,,0.851,2.82E-07
,,0.852,2.85E-07
,,0.853,2.86E-07
,,0.854,2.89E-07
,,0.855,2.91E-07
,,0.856,2.94E-07
,,0.857,2.96E-07
,,0.858,2.98E-07
,,0.859,3.00E-07
,,0.86,3.02E-07
,,0.861,3.04E-07
,,0.862,3.07E-07
,,0.863,3.09E-07
,,0.864,3.11E-07
,,0.865,3.14E-07
,,0.866,3.16E-07
,,0.867,3.19E-07
,,0.868,3.22E-07
,,0.869,3.25E-07
,,0.87,3.28E-07
,,0.871,3.31E-07
,,0.872,3.34E-07
,,0.873,3.38E-07
,,0.874,3.41E-07
,,0.875,3.45E-07
,,0.876,3.49E-07
,,0.877,3.53E-07
,,0.878,3.57E-07
,,0.879,3.62E-07
,,0.88,3.66E-07
,,0.881,3.70E-07
,,0.882,3.75E-07
,,0.883,3.79E-07
,,0.884,3.83E-07
,,0.885,3.88E-07
,,0.886,3.93E-07
,,0.887,3.97E-07
,,0.888,4.01E-07
,,0.889,4.06E-07
,,0.89,4.11E-07
,,0.891,4.15E-07
,,0.892,4.20E-07
,,0.893,4.24E-07
,,0.894,4.28E-07
,,0.895,4.32E-07
,,0.896,4.37E-07
,,0.897,4.42E-07
,,0.898,4.46E-07
,,0.899,4.51E-07
,,0.9,4.56E-07
,,0.901,4.60E-07
,,0.902,4.65E-07
,,0.903,4.71E-07
,,0.904,4.76E-07
,,0.905,4.81E-07
,,0.906,4.87E-07
,,0.907,4.93E-07
,,0.908,4.99E-07
,,0.909,5.06E-07
,,0.91,5.13E-07
,,0.911,5.21E-07
,,0.912,5.29E-07
,,0.913,5.38E-07
,,0.914,5.48E-07
,,0.915,5.58E-07
,,0.916,5.70E-07
,,0.917,5.93E-07
,,0.918,6.06E-07
,,0.919,6.22E-07
,,0.92,6.38E-07
,,0.921,6.57E-07
,,0.922,6.80E-07
,,0.923,7.02E-07
,,0.924,7.27E-07
,,0.925,7.51E-07
,,0.926,7.81E-07
,,0.927,8.11E-07
,,0.928,8.49E-07
,,0.929,8.80E-07
,,0.93,9.18E-07
,,0.931,9.63E-07
,,0.932,1.00E-06
,,0.933,1.05E-06
,,0.934,1.09E-06
,,0.935,1.14E-06
,,0.936,1.18E-06
,,0.937,1.24E-06
,,0.938,1.29E-06
,,0.939,1.35E-06
,,0.94,1.41E-06
,,0.941,1.47E-06
,,0.942,1.53E-06
,,0.943,1.60E-06
,,0.944,1.67E-06
,,0.945,1.74E-06
,,0.946,1.82E-06
,,0.947,1.91E-06
,,0.948,2.00E-06
,,0.949,2.10E-06
,,0.95,2.21E-06
,,0.951,2.32E-06
,,0.952,2.45E-06
,,0.953,2.57E-06
,,0.954,2.70E-06
,,0.955,2.82E-06
,,0.956,2.94E-06
,,0.957,3.05E-06
,,0.958,3.16E-06
,,0.959,3.24E-06
,,0.96,3.32E-06
,,0.961,3.38E-06
,,0.962,3.43E-06
,,0.963,3.47E-06
,,0.964,3.51E-06
,,0.965,3.54E-06
,,0.966,3.56E-06
,,0.967,3.59E-06
,,0.968,3.61E-06
,,0.969,3.62E-06
,,0.97,3.64E-06
,,0.971,3.65E-06
,,0.972,3.67E-06
,,0.973,3.68E-06
,,0.974,3.69E-06
,,0.975,3.69E-06
,,0.976,3.70E-06
,,0.977,3.70E-06
,,0.978,3.70E-06
,,0.979,3.69E-06
,,0.98,3.69E-06
,,0.981,3.68E-06
,,0.982,3.67E-06
,,0.983,3.65E-06
,,0.984,3.64E-06
,,0.985,3.62E-06
,,0.986,3.60E-06
,,0.987,3.58E-06
,,0.988,3.56E-06
,,0.989,3.53E-06
,,0.99,3.51E-06
,,0.991,3.49E-06
,,0.992,3.46E-06
,,0.993,3.43E-06
,,0.994,3.40E-06
,,0.995,3.37E-06
,,0.996,3.33E-06
,,0.997,3.30E-06
,,0.998,3.26E-06
,,0.999,3.23E-06
,,1,3.19E-06
,,1.001,3.15E-06
,,1.002,3.12E-06
,,1.003,3.08E-06
,,1.004,3.04E-06
,,1.005,3.01E-06
,,1.006,2.96E-06
,,1.007,2.92E-06
,,1.008,2.88E-06
,,1.009,2.84E-06
,,1.01,2.80E-06
,,1.011,2.76E-06
,,1.012,2.71E-06
,,1.013,2.67E-06
,,1.014,2.63E-06
,,1.015,2.58E-06
,,1.016,2.54E-06
,,1.017,2.50E-06
,,1.018,2.45E-06
,,1.019,2.41E-06
,,1.02,2.37E-06
,,1.021,2.32E-06
,,1.022,2.29E-06
,,1.023,2.24E-06
,,1.024,2.20E-06
,,1.025,2.16E-06
,,1.026,2.12E-06
,,1.027,2.08E-06
,,1.028,2.04E-06
,,1.029,2.00E-06
,,1.03,1.97E-06
,,1.031,1.93E-06
,,1.032,1.89E-06
,,1.033,1.86E-06
,,1.034,1.82E-06
,,1.035,1.79E-06
,,1.036,1.76E-06
,,1.037,1.72E-06
,,1.038,1.69E-06
,,1.039,1.66E-06
,,1.04,1.63E-06
,,1.041,1.61E-06
,,1.042,1.58E-06
,,1.043,1.55E-06
,,1.044,1.53E-06
,,1.045,1.51E-06
,,1.046,1.48E-06
,,1.047,1.46E-06
,,1.048,1.43E-06
,,1.049,1.41E-06
,,1.05,1.40E-06
,,1.051,1.36E-06
,,1.052,1.35E-06
,,1.053,1.33E-06
,,1.054,1.32E-06
,,1.055,1.30E-06
,,1.056,1.29E-06
,,1.057,1.28E-06
,,1.058,1.26E-06
,,1.059,1.26E-06
,,1.06,1.25E-06
,,1.061,1.24E-06
,,1.062,1.23E-06
,,1.063,1.23E-06
,,1.064,1.22E-06
,,1.065,1.22E-06
,,1.066,1.21E-06
,,1.067,1.21E-06
,,1.068,1.21E-06
,,1.069,1.21E-06
,,1.07,1.21E-06
,,1.071,1.21E-06
,,1.072,1.21E-06
,,1.073,1.21E-06
,,1.074,1.22E-06
,,1.075,1.22E-06
,,1.076,1.23E-06
,,1.077,1.24E-06
,,1.078,1.24E-06
,,1.079,1.25E-06
,,1.08,1.26E-06
,,1.081,1.28E-06
,,1.082,1.29E-06
,,1.083,1.30E-06
,,1.084,1.32E-06
,,1.085,1.34E-06
,,1.086,1.35E-06
,,1.087,1.37E-06
,,1.088,1.39E-06
,,1.089,1.40E-06
,,1.09,1.42E-06
,,1.091,1.45E-06
,,1.092,1.47E-06
,,1.093,1.50E-06
,,1.094,1.51E-06
,,1.095,1.54E-06
,,1.096,1.57E-06
,,1.097,1.59E-06
,,1.098,1.62E-06
,,1.099,1.64E-06
,,1.1,1.67E-06
,,1.101,1.70E-06
,,1.102,1.73E-06
,,1.103,1.76E-06
,,1.104,1.78E-06
,,1.105,1.81E-06
,,1.106,1.84E-06
,,1.107,1.87E-06
,,1.108,1.90E-06
,,1.109,1.92E-06
,,1.11,1.95E-06
,,1.111,1.98E-06
,,1.112,2.02E-06
,,1.113,2.05E-06
,,1.114,2.07E-06
,,1.115,2.11E-06
,,1.116,2.14E-06
,,1.117,2.18E-06
,,1.118,2.22E-06
,,1.119,2.25E-06
,,1.12,2.30E-06
,,1.121,2.35E-06
,,1.122,2.40E-06
,,1.123,2.47E-06
,,1.124,2.53E-06
,,1.125,2.61E-06
,,1.126,2.68E-06
,,1.127,2.77E-06
,,1.128,2.87E-06
,,1.129,2.98E-06
,,1.13,3.11E-06
,,1.131,3.26E-06
,,1.132,3.41E-06
,,1.133,3.59E-06
,,1.134,3.90E-06
,,1.135,4.14E-06
,,1.136,4.39E-06
,,1.137,4.66E-06
,,1.138,4.95E-06
,,1.139,5.27E-06
,,1.14,5.58E-06
,,1.141,5.91E-06
,,1.142,6.25E-06
,,1.143,6.59E-06
,,1.144,6.94E-06
,,1.145,7.28E-06
,,1.146,7.61E-06
,,1.147,7.95E-06
,,1.148,8.26E-06
,,1.149,8.68E-06
,,1.15,8.96E-06
,,1.15,8.65E-06
,,1.15125,8.95E-06
,,1.1525,9.26E-06
,,1.15375,9.46E-06
,,1.155,9.65E-06
,,1.15625,9.85E-06
,,1.1575,1.00E-05
,,1.15875,1.01E-05
,,1.16,1.02E-05
,,1.16125,1.04E-05
,,1.1625,1.05E-05
,,1.16375,1.06E-05
,,1.165,1.07E-05
,,1.16625,1.08E-05
,,1.1675,1.08E-05
,,1.16875,1.09E-05
,,1.17,1.09E-05
,,1.17125,1.10E-05
,,1.1725,1.10E-05
,,1.17375,1.11E-05
,,1.175,1.11E-05
,,1.17625,1.12E-05
,,1.1775,1.12E-05
,,1.17875,1.13E-05
,,1.18,1.14E-05
,,1.18125,1.14E-05
,,1.1825,1.15E-05
,,1.18375,1.15E-05
,,1.185,1.15E-05
,,1.18625,1.16E-05
,,1.1875,1.16E-05
,,1.18875,1.17E-05
,,1.19,1.17E-05
,,1.19125,1.18E-05
,,1.1925,1.19E-05
,,1.19375,1.20E-05
,,1.195,1.20E-05
,,1.19625,1.20E-05
,,1.1975,1.20E-05
,,1.19875,1.20E-05
,,1.2,1.20E-05
,,1.20125,1.20E-05
,,1.2025,1.20E-05
,,1.20375,1.20E-05
,,1.205,1.20E-05
,,1.20625,1.20E-05
,,1.2075,1.20E-05
,,1.20875,1.19E-05
,,1.21,1.19E-05
,,1.21125,1.20E-05
,,1.2125,1.19E-05
,,1.21375,1.19E-05
,,1.215,1.19E-05
,,1.21625,1.18E-05
,,1.2175,1.18E-05
,,1.21875,1.18E-05
,,1.22,1.18E-05
,,1.22125,1.18E-05
,,1.2225,1.18E-05
,,1.22375,1.17E-05
,,1.225,1.17E-05
,,1.22625,1.16E-05
,,1.2275,1.16E-05
,,1.22875,1.16E-05
,,1.23,1.15E-05
,,1.23125,1.16E-05
,,1.2325,1.16E-05
,,1.23375,1.15E-05
,,1.235,1.15E-05
,,1.23625,1.14E-05
,,1.2375,1.14E-05
,,1.23875,1.13E-05
,,1.24,1.13E-05
,,1.24125,1.13E-05
,,1.2425,1.13E-05
,,1.24375,1.13E-05
,,1.245,1.12E-05
,,1.24625,1.12E-05
,,1.2475,1.11E-05
,,1.24875,1.11E-05
,,1.25,1.10E-05
,,1.25125,1.11E-05
,,1.2525,1.11E-05
,,1.25375,1.10E-05
,,1.255,1.10E-05
,,1.25625,1.10E-05
,,1.2575,1.09E-05
,,1.25875,1.09E-05
,,1.26,1.09E-05
,,1.26125,1.09E-05
,,1.2625,1.09E-05
,,1.26375,1.10E-05
,,1.265,1.09E-05
,,1.26625,1.09E-05
,,1.2675,1.09E-05
,,1.26875,1.10E-05
,,1.27,1.09E-05
,,1.27125,1.10E-05
,,1.2725,1.10E-05
,,1.27375,1.10E-05
,,1.275,1.11E-05
,,1.27625,1.12E-05
,,1.2775,1.12E-05
,,1.27875,1.13E-05
,,1.28,1.13E-05
,,1.28125,1.14E-05
,,1.2825,1.15E-05
,,1.28375,1.16E-05
,,1.285,1.17E-05
,,1.28625,1.18E-05
,,1.2875,1.19E-05
,,1.28875,1.20E-05
,,1.29,1.21E-05
,,1.29125,1.24E-05
,,1.2925,1.27E-05
,,1.29375,1.28E-05
,,1.295,1.30E-05
,,1.29625,1.31E-05
,,1.2975,1.33E-05
,,1.29875,1.35E-05
,,1.3,1.38E-05
,,1.30125,1.40E-05
,,1.3025,1.42E-05
,,1.30375,1.44E-05
,,1.305,1.47E-05
,,1.30625,1.50E-05
,,1.3075,1.53E-05
,,1.30875,1.56E-05
,,1.31,1.59E-05
,,1.31125,1.63E-05
,,1.3125,1.66E-05
,,1.31375,1.69E-05
,,1.315,1.74E-05
,,1.31625,1.78E-05
,,1.3175,1.82E-05
,,1.31875,1.87E-05
,,1.32,1.91E-05
,,1.32125,1.96E-05
,,1.3225,2.01E-05
,,1.32375,2.05E-05
,,1.325,2.11E-05
,,1.32625,2.16E-05
,,1.3275,2.22E-05
,,1.32875,2.27E-05
,,1.33,2.34E-05
,,1.33125,2.42E-05
,,1.3325,2.48E-05
,,1.33375,2.55E-05
,,1.335,2.60E-05
,,1.33625,2.67E-05
,,1.3375,2.74E-05
,,1.33875,2.80E-05
,,1.34,2.86E-05
,,1.34125,2.92E-05
,,1.3425,2.99E-05
,,1.34375,3.05E-05
,,1.345,3.10E-05
,,1.34625,3.17E-05
,,1.3475,3.23E-05
,,1.34875,3.28E-05
,,1.35,3.34E-05
,,1.35125,3.40E-05
,,1.3525,3.45E-05
,,1.35375,3.51E-05
,,1.355,3.56E-05
,,1.35625,3.63E-05
,,1.3575,3.67E-05
,,1.35875,3.73E-05
,,1.36,3.79E-05
,,1.36125,3.86E-05
,,1.3625,3.94E-05
,,1.36375,4.00E-05
,,1.365,4.08E-05
,,1.36625,4.19E-05
,,1.3675,4.27E-05
,,1.36875,4.38E-05
,,1.37,4.50E-05
,,1.37125,4.68E-05
,,1.3725,4.83E-05
,,1.37375,5.00E-05
,,1.375,5.18E-05
,,1.37625,5.39E-05
,,1.3775,5.62E-05
,,1.37875,5.87E-05
,,1.38,6.15E-05
,,1.38125,6.55E-05
,,1.3825,6.94E-05
,,1.38375,7.39E-05
,,1.385,7.87E-05
,,1.38625,8.37E-05
,,1.3875,8.93E-05
,,1.38875,9.55E-05
,,1.39,0.000101764
,,1.39125,0.000111819
,,1.3925,0.000118568
,,1.39375,0.000127548
,,1.395,0.000135433
,,1.39625,0.000144443
,,1.3975,0.000153469
,,1.39875,0.000162511
,,1.4,0.000170455
,,1.40125,0.000180643
,,1.4025,0.000189733
,,1.40375,0.000197721
,,1.405,0.000206842
,,1.40625,0.000214859
,,1.4075,0.000222891
,,1.40875,0.000229815
,,1.41,0.000236751
,,1.41125,0.000243699
,,1.4125,0.000249535
,,1.41375,0.000255381
,,1.415,0.000261237
,,1.41625,0.000265976
,,1.4175,0.000270723
,,1.41875,0.000275477
,,1.42,0.00028024
,,1.42125,0.000282749
,,1.4225,0.000286393
,,1.42375,0.000290044
,,1.425,0.000293701
,,1.42625,0.000296228
,,1.4275,0.00029876
,,1.42875,0.000301295
,,1.43,0.000303835
,,1.43125,0.000305239
,,1.4325,0.000307786
,,1.43375,0.000309195
,,1.435,0.000310607
,,1.43625,0.00031202
,,1.4375,0.000313436
,,1.43875,0.000314853
,,1.44,0.000315127
,,1.44125,0.000316547
,,1.4425,0.00031797
,,1.44375,0.000318245
,,1.445,0.000318521
,,1.44625,0.000319947
,,1.4475,0.000320224
,,1.44875,0.0003205
,,1.45,0.000320777
,,1.45125,0.000321053
,,1.4525,0.00032133
,,1.45375,0.000321606
,,1.455,0.000321883
,,1.45625,0.000322159
,,1.4575,0.000321276
,,1.45875,0.000321552
,,1.46,0.000321827
,,1.46125,0.000322103
,,1.4625,0.000322378
,,1.46375,0.000321489
,,1.465,0.000320598
,,1.46625,0.000319704
,,1.4675,0.000318809
,,1.46875,0.000317912
,,1.47,0.000317013
,,1.47125,0.000316112
,,1.4725,0.000315208
,,1.47375,0.00031313
,,1.475,0.000311048
,,1.47625,0.000308963
,,1.4775,0.000308048
,,1.47875,0.000305955
,,1.48,0.000303859
,,1.48125,0.000301758
,,1.4825,0.000298473
,,1.48375,0.000296363
,,1.485,0.000293068
,,1.48625,0.000290949
,,1.4875,0.000287643
,,1.48875,0.000285515
,,1.49,0.000282198
,,1.49125,0.000278874
,,1.4925,0.000276733
,,1.49375,0.000273398
,,1.495,0.000270058
,,1.49625,0.000266712
,,1.4975,0.00026336
,,1.49875,0.000260001
,,1.5,0.000256637
,,1.50125,0.000254462
,,1.5025,0.000251087
,,1.50375,0.000247706
,,1.505,0.000244319
,,1.50625,0.000240926
,,1.5075,0.000238726
,,1.50875,0.000234122
,,1.51,0.000231913
,,1.51125,0.000228497
,,1.5125,0.000225075
,,1.51375,0.000221647
,,1.515,0.000219419
,,1.51625,0.00021598
,,1.5175,0.000212536
,,1.51875,0.000210293
,,1.52,0.000206838
,,1.52125,0.000204587
,,1.5225,0.00020112
,,1.52375,0.00019886
,,1.525,0.000195383
,,1.52625,0.000193114
,,1.5275,0.000190841
,,1.52875,0.000187347
,,1.53,0.000185065
,,1.53125,0.00018278
,,1.5325,0.00018049
,,1.53375,0.000176975
,,1.535,0.000174677
,,1.53625,0.000172374
,,1.5375,0.000170067
,,1.53875,0.000168981
,,1.54,0.000166667
,,1.54125,0.000164349
,,1.5425,0.000162028
,,1.54375,0.000159702
,,1.545,0.000157372
,,1.54625,0.000155039
,,1.5475,0.000152701
,,1.54875,0.000151592
,,1.55,0.000149248
,,1.55125,0.000146899
,,1.5525,0.000145782
,,1.55375,0.000143426
,,1.555,0.000142304
,,1.55625,0.000139942
,,1.5575,0.000138815
,,1.55875,0.000136446
,,1.56,0.000135314
,,1.56125,0.000130452
,,1.5625,0.000129313
,,1.56375,0.000126928
,,1.565,0.000125784
,,1.56625,0.000124638
,,1.5675,0.00012349
,,1.56875,0.00012234
,,1.57,0.000121064
,,1.57125,0.000118159
,,1.5725,0.000117002
,,1.57375,0.000115842
,,1.575,0.000114806
,,1.57625,0.000113894
,,1.5775,0.000112729
,,1.57875,0.000111813
,,1.58,0.00011077
,,1.58125,0.000109851
,,1.5825,0.000108931
,,1.58375,0.000108008
,,1.585,0.000107085
,,1.58625,0.000106285
,,1.5875,0.000105359
,,1.58875,0.000104557
,,1.59,0.000103753
,,1.59125,0.000102948
,,1.5925,0.000102142
,,1.59375,0.000101461
,,1.595,0.000100652
,,1.59625,0.000100096
,,1.5975,9.93E-05
,,1.59875,9.86E-05
,,1.6,9.79E-05
,,1.60125,9.72E-05
,,1.6025,9.67E-05
,,1.60375,9.60E-05
,,1.605,9.54E-05
,,1.60625,9.48E-05
,,1.6075,9.43E-05
,,1.60875,9.36E-05
,,1.61,9.31E-05
,,1.61125,9.26E-05
,,1.6125,9.21E-05
,,1.61375,9.14E-05
,,1.615,9.11E-05
,,1.61625,9.05E-05
,,1.6175,9.01E-05
,,1.61875,8.95E-05
,,1.62,8.92E-05
,,1.62125,8.86E-05
,,1.6225,8.83E-05
,,1.62375,8.77E-05
,,1.625,8.74E-05
,,1.62625,8.70E-05
,,1.6275,8.66E-05
,,1.62875,8.62E-05
,,1.63,8.59E-05
,,1.63125,8.55E-05
,,1.6325,8.52E-05
,,1.63375,8.48E-05
,,1.635,8.46E-05
,,1.63625,8.41E-05
,,1.6375,8.38E-05
,,1.63875,8.35E-05
,,1.64,8.33E-05
,,1.64125,8.29E-05
,,1.6425,8.26E-05
,,1.64375,8.24E-05
,,1.645,8.19E-05
,,1.64625,8.19E-05
,,1.6475,8.15E-05
,,1.64875,8.13E-05
,,1.65,8.10E-05
,,1.65125,8.09E-05
,,1.6525,8.06E-05
,,1.65375,8.05E-05
,,1.655,8.02E-05
,,1.65625,8.01E-05
,,1.6575,7.99E-05
,,1.65875,7.99E-05
,,1.66,7.95E-05
,,1.66125,7.96E-05
,,1.6625,7.94E-05
,,1.66375,7.94E-05
,,1.665,7.91E-05
,,1.66625,7.93E-05
,,1.6675,7.92E-05
,,1.66875,7.91E-05
,,1.67,7.89E-05
,,1.67125,7.89E-05
,,1.6725,7.89E-05
,,1.67375,7.89E-05
,,1.675,7.86E-05
,,1.67625,7.87E-05
,,1.6775,7.86E-05
,,1.67875,7.86E-05
,,1.68,7.83E-05
,,1.68125,7.83E-05
,,1.6825,7.83E-05
,,1.68375,7.81E-05
,,1.685,7.82E-05
,,1.68625,7.81E-05
,,1.6875,7.82E-05
,,1.68875,7.81E-05
,,1.69,7.80E-05
,,1.69125,7.79E-05
,,1.6925,7.78E-05
,,1.69375,7.79E-05
,,1.695,7.81E-05
,,1.69625,7.99E-05
,,1.6975,8.00E-05
,,1.69875,8.00E-05
,,1.7,8.01E-05
,,1.70125,8.00E-05
,,1.7025,8.01E-05
,,1.70375,8.03E-05
,,1.705,8.06E-05
,,1.70625,8.08E-05
,,1.7075,8.11E-05
,,1.70875,8.10E-05
,,1.71,8.11E-05
,,1.71125,8.13E-05
,,1.7125,8.14E-05
,,1.71375,8.17E-05
,,1.715,8.19E-05
,,1.71625,8.22E-05
,,1.7175,8.21E-05
,,1.71875,8.22E-05
,,1.72,8.24E-05
,,1.72125,8.27E-05
,,1.7225,8.31E-05
,,1.72375,8.34E-05
,,1.725,8.37E-05
,,1.72625,8.38E-05
,,1.7275,8.37E-05
,,1.72875,8.41E-05
,,1.73,8.43E-05
,,1.73125,8.46E-05
,,1.7325,8.48E-05
,,1.73375,8.49E-05
,,1.735,8.50E-05
,,1.73625,8.51E-05
,,1.7375,8.54E-05
,,1.73875,8.56E-05
,,1.74,8.58E-05
,,1.74125,8.55E-05
,,1.7425,8.56E-05
,,1.74375,8.53E-05
,,1.745,8.54E-05
,,1.74625,8.50E-05
,,1.7475,8.50E-05
,,1.74875,8.46E-05
,,1.75,8.44E-05
